{"cameraMode":{"drawMode":0,"name":"Shaded","section":"Shading Mode"},"sceneLighting":false,"audioPlay":false,"sceneViewState":{"showFog":true,"showMaterialUpdate":false,"showSkybox":false,"showFlares":true,"showImageEffects":true,"showParticleSystems":true},"in2DMode":false,"pivot":{"x":4.76837158203125e-7,"y":4.164999961853027,"z":0.0},"rotation":{"x":-0.0009170461562462151,"y":0.9742319583892822,"z":0.2257385551929474,"w":0.0037798539269715549},"size":50.96061706542969,"orthographic":false}