{"cameraMode":{"drawMode":0,"name":"Shaded","section":"Shading Mode"},"sceneLighting":false,"audioPlay":false,"sceneViewState":{"showFog":true,"showMaterialUpdate":false,"showSkybox":false,"showFlares":true,"showImageEffects":true,"showParticleSystems":true},"in2DMode":false,"pivot":{"x":-14.338598251342774,"y":9.931803703308106,"z":-43.42701721191406},"rotation":{"x":0.007852929644286633,"y":0.9871588945388794,"z":0.051576025784015658,"w":-0.15132877230644227},"size":52.361961364746097,"orthographic":false}